{"cameraMode":{"drawMode":0,"name":"Shaded","section":"Shading Mode"},"sceneLighting":false,"audioPlay":false,"sceneViewState":{"m_AlwaysRefresh":false,"showFog":true,"showSkybox":false,"showFlares":true,"showImageEffects":true,"showParticleSystems":true,"showVisualEffectGraphs":true,"m_FxEnabled":true},"in2DMode":false,"pivot":{"x":0.013533473014831543,"y":0.36601224541664126,"z":1.3300000429153443},"rotation":{"x":0.11976932734251023,"y":-0.6013646125793457,"z":0.09181292355060578,"w":0.7845222353935242},"size":0.7340000867843628,"orthographic":false}